<?xml version="1.0" encoding="UTF-8"?>
<GenRun Id="inst_ram_synth_1" LaunchPart="xc7a100tcsg324-1" LaunchTime="1703573879">
  <File Type="PA-TCL" Name="inst_ram.tcl"/>
  <File Type="RDS-PROPCONSTRS" Name="inst_ram_drc_synth.rpt"/>
  <File Type="REPORTS-TCL" Name="inst_ram_reports.tcl"/>
  <File Type="RDS-RDS" Name="inst_ram.vds"/>
  <File Type="RDS-UTIL" Name="inst_ram_utilization_synth.rpt"/>
  <File Type="RDS-UTIL-PB" Name="inst_ram_utilization_synth.pb"/>
  <File Type="RDS-DCP" Name="inst_ram.dcp"/>
  <File Type="VDS-TIMINGSUMMARY" Name="inst_ram_timing_summary_synth.rpt"/>
  <File Type="VDS-TIMING-PB" Name="inst_ram_timing_summary_synth.pb"/>
  <FileSet Name="sources" Type="BlockSrcs" RelSrcDir="$PSRCDIR/inst_ram">
    <File Path="$PPRDIR/../rtl/xilinx_ip/inst_ram/inst_ram.xci">
      <FileInfo>
        <Attr Name="UsedIn" Val="synthesis"/>
        <Attr Name="UsedIn" Val="implementation"/>
        <Attr Name="UsedIn" Val="simulation"/>
      </FileInfo>
    </File>
    <Config>
      <Option Name="TopModule" Val="inst_ram"/>
      <Option Name="UseBlackboxStub" Val="1"/>
    </Config>
  </FileSet>
  <FileSet Name="constrs_in" Type="BlockSrcs" RelSrcDir="$PSRCDIR/inst_ram">
    <File Path="$PPRDIR/../rtl/xilinx_ip/inst_ram/inst_ram.xci">
      <FileInfo>
        <Attr Name="UsedIn" Val="synthesis"/>
        <Attr Name="UsedIn" Val="implementation"/>
        <Attr Name="UsedIn" Val="simulation"/>
      </FileInfo>
    </File>
    <Config>
      <Option Name="TopModule" Val="inst_ram"/>
      <Option Name="UseBlackboxStub" Val="1"/>
    </Config>
  </FileSet>
  <FileSet Name="utils" Type="Utils" RelSrcDir="$PSRCDIR/utils_1">
    <Filter Type="Utils"/>
    <Config>
      <Option Name="TopAutoSet" Val="TRUE"/>
    </Config>
  </FileSet>
  <Strategy Version="1" Minor="2">
    <StratHandle Name="Vivado Synthesis Defaults" Flow="Vivado Synthesis 2019"/>
    <Step Id="synth_design"/>
  </Strategy>
</GenRun>
